"pid","grp","duration","entry","exit"
1,"wait",1,0,31
1,"vac",15,0,31
1,"obs",15,0,31
2,"wait",1,0,19
2,"vac",3,0,19
2,"obs",15,0,19
3,"wait",1,0,20
3,"vac",4,0,20
3,"obs",15,0,20
4,"wait",1,0,26
4,"vac",10,0,26
4,"obs",15,0,26
5,"wait",1,0,23
5,"vac",7,0,23
5,"obs",15,0,23
6,"wait",1,0,23
6,"vac",7,0,23
6,"obs",15,0,23
7,"wait",1,0,21
7,"vac",5,0,21
7,"obs",15,0,21
8,"wait",1,0,20
8,"vac",4,0,20
8,"obs",15,0,20
9,"wait",1,0,26
9,"vac",9,0,26
9,"obs",15,0,26
10,"wait",1,0,24
10,"vac",7,0,24
10,"obs",15,0,24
11,"wait",1,0,21
11,"vac",5,0,21
11,"obs",15,0,21
12,"wait",1,0,27
12,"vac",11,0,27
12,"obs",15,0,27
13,"wait",1,0,20
13,"vac",3,0,20
13,"obs",15,0,20
14,"wait",1,0,20
14,"vac",3,0,20
14,"obs",15,0,20
15,"wait",1,0,20
15,"vac",3,0,20
15,"obs",15,0,20
16,"wait",1,0,20
16,"vac",4,0,20
16,"obs",15,0,20
17,"wait",1,0,21
17,"vac",4,0,21
17,"obs",15,0,21
18,"wait",1,0,24
18,"vac",7,0,24
18,"obs",15,0,24
19,"wait",1,0,25
19,"vac",8,0,25
19,"obs",15,0,25
20,"wait",1,0,21
20,"vac",5,0,21
20,"obs",15,0,21
21,"wait",1,0,19
21,"vac",3,0,19
21,"obs",15,0,19
22,"wait",1,0,22
22,"vac",5,0,22
22,"obs",15,0,22
23,"wait",1,0,23
23,"vac",7,0,23
23,"obs",15,0,23
24,"wait",1,0,21
24,"vac",4,0,21
24,"obs",15,0,21
25,"wait",1,0,24
25,"vac",7,0,24
25,"obs",15,0,24
26,"wait",1,0,20
26,"vac",3,0,20
26,"obs",15,0,20
27,"wait",1,0,21
27,"vac",4,0,21
27,"obs",15,0,21
28,"wait",1,0,19
28,"vac",2,0,19
28,"obs",15,0,19
29,"wait",1,0,22
29,"vac",5,0,22
29,"obs",15,0,22
30,"wait",1,0,25
30,"vac",8,0,25
30,"obs",15,0,25
31,"wait",1,0,20
31,"vac",3,0,20
31,"obs",15,0,20
32,"wait",1,0,20
32,"vac",3,0,20
32,"obs",15,0,20
33,"wait",1,0,26
33,"vac",9,0,26
33,"obs",15,0,26
34,"wait",1,0,25
34,"vac",8,0,25
34,"obs",15,0,25
35,"wait",1,0,22
35,"vac",5,0,22
35,"obs",15,0,22
36,"wait",2,1,20
36,"vac",3,1,20
36,"obs",15,1,20
37,"wait",2,1,23
37,"vac",6,1,23
37,"obs",15,1,23
38,"wait",2,1,23
38,"vac",6,1,23
38,"obs",15,1,23
39,"wait",2,1,20
39,"vac",3,1,20
39,"obs",15,1,20
40,"wait",2,1,24
40,"vac",7,1,24
40,"obs",15,1,24
41,"wait",2,1,21
41,"vac",4,1,21
41,"obs",15,1,21
42,"wait",2,1,22
42,"vac",4,1,22
42,"obs",15,1,22
43,"wait",2,1,24
43,"vac",7,1,24
43,"obs",15,1,24
44,"wait",2,1,24
44,"vac",6,1,24
44,"obs",15,1,24
45,"wait",2,1,22
45,"vac",5,1,22
45,"obs",15,1,22
46,"wait",2,1,27
46,"vac",9,1,27
46,"obs",15,1,27
47,"wait",2,1,24
47,"vac",6,1,24
47,"obs",15,1,24
48,"wait",2,1,21
48,"vac",3,1,21
48,"obs",15,1,21
49,"wait",2,1,21
49,"vac",4,1,21
49,"obs",15,1,21
50,"wait",2,1,27
50,"vac",9,1,27
50,"obs",15,1,27
51,"wait",2,1,28
51,"vac",8,1,28
51,"obs",15,1,28
52,"wait",2,1,23
52,"vac",4,1,23
52,"obs",15,1,23
53,"wait",2,1,29
53,"vac",10,1,29
53,"obs",15,1,29
54,"wait",2,1,29
54,"vac",9,1,29
54,"obs",15,1,29
55,"wait",2,1,30
55,"vac",10,1,30
55,"obs",15,1,30
56,"wait",2,1,29
56,"vac",8,1,29
56,"obs",15,1,29
57,"wait",2,1,25
57,"vac",5,1,25
57,"obs",15,1,25
58,"wait",2,1,26
58,"vac",5,1,26
58,"obs",15,1,26
59,"wait",2,1,26
59,"vac",5,1,26
59,"obs",15,1,26
60,"wait",2,1,26
60,"vac",5,1,26
60,"obs",15,1,26
61,"wait",2,1,27
61,"vac",6,1,27
61,"obs",15,1,27
62,"wait",2,1,24
62,"vac",3,1,24
62,"obs",15,1,24
63,"wait",2,1,29
63,"vac",9,1,29
63,"obs",15,1,29
64,"wait",2,1,29
64,"vac",8,1,29
64,"obs",15,1,29
65,"wait",2,1,27
65,"vac",6,1,27
65,"obs",15,1,27
66,"wait",2,1,23
66,"vac",2,1,23
66,"obs",15,1,23
67,"wait",2,1,26
67,"vac",5,1,26
67,"obs",15,1,26
68,"wait",2,1,26
68,"vac",4,1,26
68,"obs",15,1,26
69,"wait",2,1,25
69,"vac",3,1,25
69,"obs",15,1,25
70,"wait",2,1,29
70,"vac",7,1,29
70,"obs",15,1,29
71,"wait",3,2,24
71,"vac",2,2,24
71,"obs",15,2,24
72,"wait",3,2,33
72,"vac",12,2,33
72,"obs",15,2,33
73,"wait",3,2,31
73,"vac",10,2,31
73,"obs",15,2,31
74,"wait",3,2,24
74,"vac",2,2,24
74,"obs",15,2,24
75,"wait",3,2,25
75,"vac",2,2,25
75,"obs",15,2,25
76,"wait",3,2,30
76,"vac",8,2,30
76,"obs",15,2,30
77,"wait",3,2,29
77,"vac",6,2,29
77,"obs",15,2,29
78,"wait",3,2,37
78,"vac",14,2,37
78,"obs",15,2,37
79,"wait",3,2,28
79,"vac",5,2,28
79,"obs",15,2,28
80,"wait",3,2,26
80,"vac",3,2,26
80,"obs",15,2,26
81,"wait",3,2,27
81,"vac",3,2,27
81,"obs",15,2,27
82,"wait",3,2,31
82,"vac",7,2,31
82,"obs",15,2,31
83,"wait",3,2,32
83,"vac",8,2,32
83,"obs",15,2,32
84,"wait",3,2,29
84,"vac",5,2,29
84,"obs",15,2,29
85,"wait",3,2,31
85,"vac",7,2,31
85,"obs",15,2,31
86,"wait",3,2,28
86,"vac",4,2,28
86,"obs",15,2,28
87,"wait",3,2,29
87,"vac",5,2,29
87,"obs",15,2,29
88,"wait",3,2,31
88,"vac",7,2,31
88,"obs",15,2,31
89,"wait",3,2,27
89,"vac",2,2,27
89,"obs",15,2,27
90,"wait",3,2,27
90,"vac",3,2,27
90,"obs",15,2,27
91,"wait",3,2,30
91,"vac",6,2,30
91,"obs",15,2,30
92,"wait",3,2,27
92,"vac",3,2,27
92,"obs",15,2,27
93,"wait",3,2,28
93,"vac",4,2,28
93,"obs",15,2,28
94,"wait",3,2,28
94,"vac",3,2,28
94,"obs",15,2,28
95,"wait",3,2,27
95,"vac",2,2,27
95,"obs",15,2,27
96,"wait",3,2,31
96,"vac",6,2,31
96,"obs",15,2,31
97,"wait",3,2,27
97,"vac",2,2,27
97,"obs",15,2,27
98,"wait",3,2,28
98,"vac",2,2,28
98,"obs",15,2,28
99,"wait",3,2,30
99,"vac",4,2,30
99,"obs",15,2,30
100,"wait",3,2,36
100,"vac",10,2,36
100,"obs",15,2,36
101,"wait",3,2,29
101,"vac",3,2,29
101,"obs",15,2,29
102,"wait",4,3,31
102,"vac",5,3,31
102,"obs",15,3,31
103,"wait",4,3,29
103,"vac",2,3,29
103,"obs",15,3,29
104,"wait",4,3,31
104,"vac",5,3,31
104,"obs",15,3,31
105,"wait",4,3,34
105,"vac",8,3,34
105,"obs",15,3,34
106,"wait",4,3,36
106,"vac",9,3,36
106,"obs",15,3,36
107,"wait",4,3,29
107,"vac",3,3,29
107,"obs",15,3,29
108,"wait",4,3,35
108,"vac",9,3,35
108,"obs",15,3,35
109,"wait",4,3,37
109,"vac",10,3,37
109,"obs",15,3,37
110,"wait",4,3,33
110,"vac",6,3,33
110,"obs",15,3,33
111,"wait",4,3,31
111,"vac",4,3,31
111,"obs",15,3,31
112,"wait",4,3,32
112,"vac",5,3,32
112,"obs",15,3,32
113,"wait",4,3,36
113,"vac",9,3,36
113,"obs",15,3,36
114,"wait",4,3,31
114,"vac",4,3,31
114,"obs",15,3,31
115,"wait",4,3,33
115,"vac",5,3,33
115,"obs",15,3,33
116,"wait",4,3,30
116,"vac",3,3,30
116,"obs",15,3,30
117,"wait",4,3,31
117,"vac",3,3,31
117,"obs",15,3,31
118,"wait",4,3,32
118,"vac",4,3,32
118,"obs",15,3,32
119,"wait",4,3,34
119,"vac",6,3,34
119,"obs",15,3,34
120,"wait",4,3,32
120,"vac",4,3,32
120,"obs",15,3,32
121,"wait",4,3,33
121,"vac",5,3,33
121,"obs",15,3,33
122,"wait",4,3,31
122,"vac",3,3,31
122,"obs",15,3,31
123,"wait",4,3,37
123,"vac",9,3,37
123,"obs",15,3,37
124,"wait",4,3,35
124,"vac",7,3,35
124,"obs",15,3,35
125,"wait",4,3,36
125,"vac",8,3,36
125,"obs",15,3,36
126,"wait",4,3,37
126,"vac",8,3,37
126,"obs",15,3,37
127,"wait",4,3,36
127,"vac",7,3,36
127,"obs",15,3,36
128,"wait",4,3,31
128,"vac",2,3,31
128,"obs",15,3,31
129,"wait",4,3,34
129,"vac",5,3,34
129,"obs",15,3,34
130,"wait",4,3,36
130,"vac",7,3,36
130,"obs",15,3,36
131,"wait",4,3,33
131,"vac",3,3,33
131,"obs",15,3,33
132,"wait",4,3,35
132,"vac",5,3,35
132,"obs",15,3,35
133,"wait",4,3,32
133,"vac",2,3,32
133,"obs",15,3,32
134,"wait",5,4,38
134,"vac",9,4,38
134,"obs",15,4,38
135,"wait",5,4,35
135,"vac",5,4,35
135,"obs",15,4,35
136,"wait",5,4,38
136,"vac",8,4,38
136,"obs",15,4,38
137,"wait",5,4,32
137,"vac",2,4,32
137,"obs",15,4,32
138,"wait",5,4,33
138,"vac",3,4,33
138,"obs",15,4,33
139,"wait",5,4,39
139,"vac",9,4,39
139,"obs",15,4,39
140,"wait",5,4,34
140,"vac",4,4,34
140,"obs",15,4,34
141,"wait",5,4,36
141,"vac",5,4,36
141,"obs",15,4,36
142,"wait",5,4,35
142,"vac",4,4,35
142,"obs",15,4,35
143,"wait",5,4,37
143,"vac",6,4,37
143,"obs",15,4,37
144,"wait",5,4,39
144,"vac",8,4,39
144,"obs",15,4,39
145,"wait",5,4,34
145,"vac",3,4,34
145,"obs",15,4,34
146,"wait",5,4,34
146,"vac",3,4,34
146,"obs",15,4,34
147,"wait",5,4,35
147,"vac",3,4,35
147,"obs",15,4,35
148,"wait",5,4,35
148,"vac",3,4,35
148,"obs",15,4,35
149,"wait",5,4,36
149,"vac",4,4,36
149,"obs",15,4,36
150,"wait",5,4,40
150,"vac",8,4,40
150,"obs",15,4,40
151,"wait",5,4,41
151,"vac",9,4,41
151,"obs",15,4,41
152,"wait",5,4,38
152,"vac",6,4,38
152,"obs",15,4,38
153,"wait",5,4,37
153,"vac",5,4,37
153,"obs",15,4,37
154,"wait",5,4,38
154,"vac",6,4,38
154,"obs",15,4,38
155,"wait",5,4,37
155,"vac",6,4,37
155,"obs",15,4,37
156,"wait",5,4,35
156,"vac",3,4,35
156,"obs",15,4,35
157,"wait",5,4,36
157,"vac",4,4,36
157,"obs",15,4,36
158,"wait",5,4,40
158,"vac",8,4,40
158,"obs",15,4,40
159,"wait",5,4,35
159,"vac",3,4,35
159,"obs",15,4,35
160,"wait",5,4,35
160,"vac",3,4,35
160,"obs",15,4,35
161,"wait",5,4,35
161,"vac",3,4,35
161,"obs",15,4,35
162,"wait",5,4,37
162,"vac",4,4,37
162,"obs",15,4,37
163,"wait",5,4,39
163,"vac",6,4,39
163,"obs",15,4,39
164,"wait",5,4,43
164,"vac",10,4,43
164,"obs",15,4,43
165,"wait",5,4,37
165,"vac",4,4,37
165,"obs",15,4,37
166,"wait",5,4,37
166,"vac",4,4,37
166,"obs",15,4,37
167,"wait",5,4,38
167,"vac",5,4,38
167,"obs",15,4,38
168,"wait",5,4,44
168,"vac",11,4,44
168,"obs",15,4,44
169,"wait",5,4,36
169,"vac",2,4,36
169,"obs",15,4,36
170,"wait",6,5,37
170,"vac",2,5,37
170,"obs",15,5,37
171,"wait",6,5,41
171,"vac",6,5,41
171,"obs",15,5,41
172,"wait",6,5,40
172,"vac",5,5,40
172,"obs",15,5,40
173,"wait",6,5,39
173,"vac",4,5,39
173,"obs",15,5,39
174,"wait",6,5,39
174,"vac",4,5,39
174,"obs",15,5,39
175,"wait",6,5,37
175,"vac",2,5,37
175,"obs",15,5,37
176,"wait",6,5,40
176,"vac",5,5,40
176,"obs",15,5,40
177,"wait",6,5,41
177,"vac",5,5,41
177,"obs",15,5,41
178,"wait",6,5,39
178,"vac",4,5,39
178,"obs",15,5,39
179,"wait",6,5,40
179,"vac",5,5,40
179,"obs",15,5,40
180,"wait",6,5,37
180,"vac",2,5,37
180,"obs",15,5,37
181,"wait",6,5,41
181,"vac",5,5,41
181,"obs",15,5,41
182,"wait",6,5,39
182,"vac",4,5,39
182,"obs",15,5,39
183,"wait",6,5,42
183,"vac",6,5,42
183,"obs",15,5,42
184,"wait",6,5,38
184,"vac",2,5,38
184,"obs",15,5,38
185,"wait",6,5,39
185,"vac",3,5,39
185,"obs",15,5,39
186,"wait",6,5,39
186,"vac",3,5,39
186,"obs",15,5,39
187,"wait",6,5,41
187,"vac",5,5,41
187,"obs",15,5,41
188,"wait",6,5,39
188,"vac",2,5,39
188,"obs",15,5,39
189,"wait",6,5,41
189,"vac",5,5,41
189,"obs",15,5,41
190,"wait",6,5,47
190,"vac",11,5,47
190,"obs",15,5,47
191,"wait",6,5,46
191,"vac",10,5,46
191,"obs",15,5,46
192,"wait",6,5,40
192,"vac",3,5,40
192,"obs",15,5,40
193,"wait",6,5,42
193,"vac",5,5,42
193,"obs",15,5,42
194,"wait",6,5,46
194,"vac",9,5,46
194,"obs",15,5,46
195,"wait",6,5,44
195,"vac",7,5,44
195,"obs",15,5,44
196,"wait",6,5,42
196,"vac",5,5,42
196,"obs",15,5,42
197,"wait",6,5,42
197,"vac",5,5,42
197,"obs",15,5,42
198,"wait",6,5,43
198,"vac",6,5,43
198,"obs",15,5,43
199,"wait",6,5,45
199,"vac",8,5,45
199,"obs",15,5,45
200,"wait",6,5,41
200,"vac",4,5,41
200,"obs",15,5,41
201,"wait",6,5,42
201,"vac",5,5,42
201,"obs",15,5,42
202,"wait",6,5,43
202,"vac",5,5,43
202,"obs",15,5,43
203,"wait",6,5,39
203,"vac",2,5,39
203,"obs",15,5,39
204,"wait",6,5,44
204,"vac",7,5,44
204,"obs",15,5,44
205,"wait",6,5,43
205,"vac",6,5,43
205,"obs",15,5,43
206,"wait",6,5,42
206,"vac",4,5,42
206,"obs",15,5,42
207,"wait",6,5,44
207,"vac",6,5,44
207,"obs",15,5,44
208,"wait",6,5,43
208,"vac",5,5,43
208,"obs",15,5,43
209,"wait",6,5,42
209,"vac",4,5,42
209,"obs",15,5,42
210,"wait",6,5,42
210,"vac",4,5,42
210,"obs",15,5,42
211,"wait",6,5,44
211,"vac",6,5,44
211,"obs",15,5,44
212,"wait",7,6,42
212,"vac",4,6,42
212,"obs",15,6,42
213,"wait",7,6,41
213,"vac",3,6,41
213,"obs",15,6,41
214,"wait",7,6,46
214,"vac",7,6,46
214,"obs",15,6,46
215,"wait",7,6,48
215,"vac",9,6,48
215,"obs",15,6,48
216,"wait",7,6,41
216,"vac",2,6,41
216,"obs",15,6,41
217,"wait",7,6,43
217,"vac",4,6,43
217,"obs",15,6,43
218,"wait",7,6,43
218,"vac",4,6,43
218,"obs",15,6,43
219,"wait",7,6,43
219,"vac",4,6,43
219,"obs",15,6,43
220,"wait",7,6,46
220,"vac",6,6,46
220,"obs",15,6,46
221,"wait",7,6,47
221,"vac",8,6,47
221,"obs",15,6,47
222,"wait",7,6,42
222,"vac",2,6,42
222,"obs",15,6,42
223,"wait",7,6,44
223,"vac",5,6,44
223,"obs",15,6,44
224,"wait",7,6,42
224,"vac",3,6,42
224,"obs",15,6,42
225,"wait",7,6,42
225,"vac",2,6,42
225,"obs",15,6,42
226,"wait",7,6,47
226,"vac",7,6,47
226,"obs",15,6,47
227,"wait",7,6,44
227,"vac",4,6,44
227,"obs",15,6,44
228,"wait",7,6,44
228,"vac",4,6,44
228,"obs",15,6,44
229,"wait",7,6,44
229,"vac",4,6,44
229,"obs",15,6,44
230,"wait",7,6,51
230,"vac",11,6,51
230,"obs",15,6,51
231,"wait",7,6,44
231,"vac",4,6,44
231,"obs",15,6,44
232,"wait",7,6,45
232,"vac",4,6,45
232,"obs",15,6,45
233,"wait",7,6,46
233,"vac",5,6,46
233,"obs",15,6,46
234,"wait",7,6,46
234,"vac",5,6,46
234,"obs",15,6,46
235,"wait",7,6,48
235,"vac",7,6,48
235,"obs",15,6,48
236,"wait",7,6,48
236,"vac",7,6,48
236,"obs",15,6,48
237,"wait",7,6,50
237,"vac",9,6,50
237,"obs",15,6,50
238,"wait",7,6,45
238,"vac",4,6,45
238,"obs",15,6,45
239,"wait",7,6,44
239,"vac",3,6,44
239,"obs",15,6,44
240,"wait",7,6,45
240,"vac",3,6,45
240,"obs",15,6,45
241,"wait",8,7,50
241,"vac",8,7,50
241,"obs",15,7,50
242,"wait",8,7,46
242,"vac",4,7,46
242,"obs",15,7,46
243,"wait",7,7,45
243,"vac",3,7,45
243,"obs",15,7,45
244,"wait",7,7,47
244,"vac",5,7,47
244,"obs",15,7,47
245,"wait",7,7,46
245,"vac",4,7,46
245,"obs",15,7,46
246,"wait",7,7,45
246,"vac",3,7,45
246,"obs",15,7,45
247,"wait",8,7,46
247,"vac",4,7,46
247,"obs",15,7,46
248,"wait",8,7,52
248,"vac",9,7,52
248,"obs",15,7,52
249,"wait",8,7,50
249,"vac",7,7,50
249,"obs",15,7,50
250,"wait",7,7,49
250,"vac",7,7,49
250,"obs",15,7,49
251,"wait",8,7,45
251,"vac",2,7,45
251,"obs",15,7,45
252,"wait",8,7,49
252,"vac",6,7,49
252,"obs",15,7,49
253,"wait",8,7,51
253,"vac",8,7,51
253,"obs",15,7,51
254,"wait",7,7,55
254,"vac",12,7,55
254,"obs",15,7,55
255,"wait",8,7,47
255,"vac",3,7,47
255,"obs",15,7,47
256,"wait",8,7,51
256,"vac",8,7,51
256,"obs",15,7,51
257,"wait",8,7,52
257,"vac",8,7,52
257,"obs",15,7,52
258,"wait",8,7,49
258,"vac",6,7,49
258,"obs",15,7,49
259,"wait",8,7,52
259,"vac",9,7,52
259,"obs",15,7,52
260,"wait",7,7,49
260,"vac",5,7,49
260,"obs",15,7,49
261,"wait",7,7,47
261,"vac",3,7,47
261,"obs",15,7,47
262,"wait",8,7,49
262,"vac",5,7,49
262,"obs",15,7,49
263,"wait",8,7,50
263,"vac",5,7,50
263,"obs",15,7,50
264,"wait",8,7,48
264,"vac",4,7,48
264,"obs",15,7,48
265,"wait",8,7,49
265,"vac",4,7,49
265,"obs",15,7,49
266,"wait",8,7,49
266,"vac",4,7,49
266,"obs",15,7,49
267,"wait",8,7,49
267,"vac",4,7,49
267,"obs",15,7,49
268,"wait",8,7,50
268,"vac",5,7,50
268,"obs",15,7,50
269,"wait",9,8,51
269,"vac",6,8,51
269,"obs",15,8,51
270,"wait",9,8,54
270,"vac",9,8,54
270,"obs",15,8,54
271,"wait",9,8,52
271,"vac",7,8,52
271,"obs",15,8,52
272,"wait",9,8,53
272,"vac",8,8,53
272,"obs",15,8,53
273,"wait",9,8,47
273,"vac",2,8,47
273,"obs",15,8,47
274,"wait",9,8,54
274,"vac",9,8,54
274,"obs",15,8,54
275,"wait",9,8,52
275,"vac",7,8,52
275,"obs",15,8,52
276,"wait",9,8,51
276,"vac",5,8,51
276,"obs",15,8,51
277,"wait",9,8,50
277,"vac",5,8,50
277,"obs",15,8,50
278,"wait",9,8,47
278,"vac",1,8,47
278,"obs",15,8,47
279,"wait",9,8,52
279,"vac",6,8,52
279,"obs",15,8,52
280,"wait",9,8,51
280,"vac",5,8,51
280,"obs",15,8,51
281,"wait",9,8,55
281,"vac",9,8,55
281,"obs",15,8,55
282,"wait",9,8,52
282,"vac",6,8,52
282,"obs",15,8,52
283,"wait",9,8,54
283,"vac",7,8,54
283,"obs",15,8,54
284,"wait",9,8,56
284,"vac",9,8,56
284,"obs",15,8,56
285,"wait",9,8,50
285,"vac",3,8,50
285,"obs",15,8,50
286,"wait",9,8,52
286,"vac",5,8,52
286,"obs",15,8,52
287,"wait",9,8,51
287,"vac",5,8,51
287,"obs",15,8,51
288,"wait",9,8,51
288,"vac",5,8,51
288,"obs",15,8,51
289,"wait",9,8,51
289,"vac",4,8,51
289,"obs",15,8,51
290,"wait",10,9,51
290,"vac",4,9,51
290,"obs",15,9,51
291,"wait",10,9,50
291,"vac",3,9,50
291,"obs",15,9,50
292,"wait",10,9,53
292,"vac",6,9,53
292,"obs",15,9,53
293,"wait",10,9,56
293,"vac",9,9,56
293,"obs",15,9,56
294,"wait",10,9,56
294,"vac",8,9,56
294,"obs",15,9,56
295,"wait",10,9,55
295,"vac",7,9,55
295,"obs",15,9,55
296,"wait",10,9,52
296,"vac",4,9,52
296,"obs",15,9,52
297,"wait",10,9,54
297,"vac",6,9,54
297,"obs",15,9,54
298,"wait",10,9,56
298,"vac",7,9,56
298,"obs",15,9,56
299,"wait",10,9,54
299,"vac",6,9,54
299,"obs",15,9,54
300,"wait",10,9,56
300,"vac",7,9,56
300,"obs",15,9,56
301,"wait",10,9,53
301,"vac",4,9,53
301,"obs",15,9,53
302,"wait",10,9,52
302,"vac",2,9,52
302,"obs",15,9,52
303,"wait",10,9,61
303,"vac",11,9,61
303,"obs",15,9,61
304,"wait",10,9,52
304,"vac",3,9,52
304,"obs",15,9,52
305,"wait",10,9,56
305,"vac",7,9,56
305,"obs",15,9,56
306,"wait",10,9,53
306,"vac",4,9,53
306,"obs",15,9,53
307,"wait",10,9,53
307,"vac",4,9,53
307,"obs",15,9,53
308,"wait",10,9,56
308,"vac",6,9,56
308,"obs",15,9,56
309,"wait",10,9,54
309,"vac",4,9,54
309,"obs",15,9,54
310,"wait",10,9,57
310,"vac",6,9,57
310,"obs",15,9,57
311,"wait",11,10,57
311,"vac",7,10,57
311,"obs",15,10,57
312,"wait",11,10,57
312,"vac",7,10,57
312,"obs",15,10,57
313,"wait",11,10,53
313,"vac",3,10,53
313,"obs",15,10,53
314,"wait",11,10,56
314,"vac",6,10,56
314,"obs",15,10,56
315,"wait",11,10,56
315,"vac",5,10,56
315,"obs",15,10,56
316,"wait",11,10,60
316,"vac",9,10,60
316,"obs",15,10,60
317,"wait",11,10,57
317,"vac",6,10,57
317,"obs",15,10,57
318,"wait",11,10,58
318,"vac",7,10,58
318,"obs",15,10,58
319,"wait",11,10,56
319,"vac",5,10,56
319,"obs",15,10,56
320,"wait",11,10,58
320,"vac",6,10,58
320,"obs",15,10,58
321,"wait",11,10,60
321,"vac",8,10,60
321,"obs",15,10,60
322,"wait",11,10,54
322,"vac",2,10,54
322,"obs",15,10,54
323,"wait",11,10,56
323,"vac",4,10,56
323,"obs",15,10,56
324,"wait",11,10,55
324,"vac",3,10,55
324,"obs",15,10,55
325,"wait",11,10,54
325,"vac",2,10,54
325,"obs",15,10,54
326,"wait",11,10,61
326,"vac",9,10,61
326,"obs",15,10,61
327,"wait",11,10,61
327,"vac",9,10,61
327,"obs",15,10,61
328,"wait",11,10,55
328,"vac",3,10,55
328,"obs",15,10,55
329,"wait",11,10,61
329,"vac",9,10,61
329,"obs",15,10,61
330,"wait",11,10,56
330,"vac",4,10,56
330,"obs",15,10,56
331,"wait",11,10,56
331,"vac",4,10,56
331,"obs",15,10,56
332,"wait",11,10,58
332,"vac",5,10,58
332,"obs",15,10,58
333,"wait",11,10,59
333,"vac",7,10,59
333,"obs",15,10,59
334,"wait",11,10,59
334,"vac",6,10,59
334,"obs",15,10,59
335,"wait",11,10,60
335,"vac",7,10,60
335,"obs",15,10,60
336,"wait",11,10,58
336,"vac",5,10,58
336,"obs",15,10,58
337,"wait",11,10,59
337,"vac",6,10,59
337,"obs",15,10,59
338,"wait",11,10,59
338,"vac",6,10,59
338,"obs",15,10,59
339,"wait",11,10,57
339,"vac",3,10,57
339,"obs",15,10,57
340,"wait",11,10,62
340,"vac",8,10,62
340,"obs",15,10,62
341,"wait",11,10,58
341,"vac",4,10,58
341,"obs",15,10,58
342,"wait",11,10,60
342,"vac",7,10,60
342,"obs",15,10,60
343,"wait",11,10,57
343,"vac",3,10,57
343,"obs",15,10,57
344,"wait",11,10,58
344,"vac",3,10,58
344,"obs",15,10,58
345,"wait",11,10,61
345,"vac",7,10,61
345,"obs",15,10,61
346,"wait",11,10,59
346,"vac",5,10,59
346,"obs",15,10,59
347,"wait",11,10,60
347,"vac",6,10,60
347,"obs",15,10,60
348,"wait",11,10,62
348,"vac",7,10,62
348,"obs",15,10,62
349,"wait",12,11,61
349,"vac",6,11,61
349,"obs",15,11,61
350,"wait",12,11,58
350,"vac",3,11,58
350,"obs",15,11,58
351,"wait",12,11,58
351,"vac",3,11,58
351,"obs",15,11,58
352,"wait",12,11,65
352,"vac",10,11,65
352,"obs",15,11,65
353,"wait",12,11,62
353,"vac",7,11,62
353,"obs",15,11,62
354,"wait",12,11,57
354,"vac",2,11,57
354,"obs",15,11,57
355,"wait",12,11,59
355,"vac",3,11,59
355,"obs",15,11,59
356,"wait",12,11,61
356,"vac",6,11,61
356,"obs",15,11,61
357,"wait",12,11,65
357,"vac",9,11,65
357,"obs",15,11,65
358,"wait",12,11,63
358,"vac",7,11,63
358,"obs",15,11,63
359,"wait",12,11,63
359,"vac",7,11,63
359,"obs",15,11,63
360,"wait",12,11,59
360,"vac",2,11,59
360,"obs",15,11,59
361,"wait",12,11,60
361,"vac",4,11,60
361,"obs",15,11,60
362,"wait",12,11,63
362,"vac",7,11,63
362,"obs",15,11,63
363,"wait",12,11,68
363,"vac",12,11,68
363,"obs",15,11,68
364,"wait",12,11,61
364,"vac",5,11,61
364,"obs",15,11,61
365,"wait",12,11,67
365,"vac",10,11,67
365,"obs",15,11,67
366,"wait",12,11,61
366,"vac",4,11,61
366,"obs",15,11,61
367,"wait",12,11,63
367,"vac",7,11,63
367,"obs",15,11,63
368,"wait",12,11,61
368,"vac",4,11,61
368,"obs",15,11,61
369,"wait",12,11,63
369,"vac",6,11,63
369,"obs",15,11,63
370,"wait",12,11,61
370,"vac",4,11,61
370,"obs",15,11,61
371,"wait",12,11,63
371,"vac",6,11,63
371,"obs",15,11,63
372,"wait",12,11,71
372,"vac",14,11,71
372,"obs",15,11,71
373,"wait",12,11,68
373,"vac",11,11,68
373,"obs",15,11,68
374,"wait",12,11,61
374,"vac",3,11,61
374,"obs",15,11,61
375,"wait",13,12,63
375,"vac",5,12,63
375,"obs",15,12,63
376,"wait",13,12,62
376,"vac",4,12,62
376,"obs",15,12,62
377,"wait",13,12,67
377,"vac",9,12,67
377,"obs",15,12,67
378,"wait",13,12,62
378,"vac",3,12,62
378,"obs",15,12,62
379,"wait",13,12,70
379,"vac",12,12,70
379,"obs",15,12,70
380,"wait",13,12,64
380,"vac",6,12,64
380,"obs",15,12,64
381,"wait",13,12,63
381,"vac",4,12,63
381,"obs",15,12,63
382,"wait",13,12,64
382,"vac",5,12,64
382,"obs",15,12,64
383,"wait",13,12,69
383,"vac",10,12,69
383,"obs",15,12,69
384,"wait",13,12,68
384,"vac",9,12,68
384,"obs",15,12,68
385,"wait",13,12,74
385,"vac",15,12,74
385,"obs",15,12,74
386,"wait",13,12,67
386,"vac",8,12,67
386,"obs",15,12,67
387,"wait",13,12,65
387,"vac",6,12,65
387,"obs",15,12,65
388,"wait",13,12,61
388,"vac",2,12,61
388,"obs",15,12,61
389,"wait",13,12,67
389,"vac",8,12,67
389,"obs",15,12,67
390,"wait",13,12,68
390,"vac",8,12,68
390,"obs",15,12,68
391,"wait",13,12,66
391,"vac",6,12,66
391,"obs",15,12,66
392,"wait",13,12,64
392,"vac",4,12,64
392,"obs",15,12,64
393,"wait",13,12,66
393,"vac",5,12,66
393,"obs",15,12,66
394,"wait",13,12,65
394,"vac",5,12,65
394,"obs",15,12,65
395,"wait",13,12,70
395,"vac",9,12,70
395,"obs",15,12,70
396,"wait",13,12,65
396,"vac",4,12,65
396,"obs",15,12,65
397,"wait",13,12,70
397,"vac",9,12,70
397,"obs",15,12,70
398,"wait",13,12,66
398,"vac",5,12,66
398,"obs",15,12,66
399,"wait",13,12,64
399,"vac",3,12,64
399,"obs",15,12,64
400,"wait",13,12,63
400,"vac",2,12,63
400,"obs",15,12,63
401,"wait",13,12,67
401,"vac",6,12,67
401,"obs",15,12,67
402,"wait",13,12,69
402,"vac",8,12,69
402,"obs",15,12,69
403,"wait",13,12,69
403,"vac",7,12,69
403,"obs",15,12,69
404,"wait",13,12,66
404,"vac",5,12,66
404,"obs",15,12,66
405,"wait",13,12,74
405,"vac",12,12,74
405,"obs",15,12,74
406,"wait",13,12,69
406,"vac",8,12,69
406,"obs",15,12,69
407,"wait",13,12,69
407,"vac",8,12,69
407,"obs",15,12,69
408,"wait",14,13,65
408,"vac",4,13,65
408,"obs",15,13,65
409,"wait",14,13,67
409,"vac",5,13,67
409,"obs",15,13,67
410,"wait",14,13,65
410,"vac",3,13,65
410,"obs",15,13,65
411,"wait",14,13,71
411,"vac",9,13,71
411,"obs",15,13,71
412,"wait",14,13,73
412,"vac",11,13,73
412,"obs",15,13,73
413,"wait",14,13,68
413,"vac",6,13,68
413,"obs",15,13,68
414,"wait",14,13,64
414,"vac",2,13,64
414,"obs",15,13,64
415,"wait",14,13,70
415,"vac",7,13,70
415,"obs",15,13,70
416,"wait",14,13,66
416,"vac",3,13,66
416,"obs",15,13,66
417,"wait",14,13,68
417,"vac",5,13,68
417,"obs",15,13,68
418,"wait",14,13,71
418,"vac",8,13,71
418,"obs",15,13,71
419,"wait",14,13,67
419,"vac",3,13,67
419,"obs",15,13,67
420,"wait",14,13,66
420,"vac",2,13,66
420,"obs",15,13,66
421,"wait",14,13,69
421,"vac",6,13,69
421,"obs",15,13,69
422,"wait",14,13,69
422,"vac",5,13,69
422,"obs",15,13,69
423,"wait",14,13,67
423,"vac",3,13,67
423,"obs",15,13,67
424,"wait",14,13,73
424,"vac",9,13,73
424,"obs",15,13,73
425,"wait",14,13,68
425,"vac",3,13,68
425,"obs",15,13,68
426,"wait",14,13,67
426,"vac",2,13,67
426,"obs",15,13,67
427,"wait",14,13,67
427,"vac",3,13,67
427,"obs",15,13,67
428,"wait",14,13,71
428,"vac",7,13,71
428,"obs",15,13,71
429,"wait",14,13,76
429,"vac",11,13,76
429,"obs",15,13,76
430,"wait",14,13,68
430,"vac",3,13,68
430,"obs",15,13,68
431,"wait",15,14,70
431,"vac",5,14,70
431,"obs",15,14,70
432,"wait",15,14,70
432,"vac",5,14,70
432,"obs",15,14,70
433,"wait",15,14,69
433,"vac",3,14,69
433,"obs",15,14,69
434,"wait",15,14,73
434,"vac",7,14,73
434,"obs",15,14,73
435,"wait",15,14,70
435,"vac",4,14,70
435,"obs",15,14,70
436,"wait",15,14,70
436,"vac",4,14,70
436,"obs",15,14,70
437,"wait",15,14,72
437,"vac",6,14,72
437,"obs",15,14,72
438,"wait",15,14,78
438,"vac",12,14,78
438,"obs",15,14,78
439,"wait",15,14,68
439,"vac",2,14,68
439,"obs",15,14,68
440,"wait",15,14,69
440,"vac",2,14,69
440,"obs",15,14,69
441,"wait",15,14,72
441,"vac",5,14,72
441,"obs",15,14,72
442,"wait",15,14,69
442,"vac",3,14,69
442,"obs",15,14,69
443,"wait",15,14,72
443,"vac",4,14,72
443,"obs",15,14,72
444,"wait",15,14,71
444,"vac",4,14,71
444,"obs",15,14,71
445,"wait",15,14,75
445,"vac",8,14,75
445,"obs",15,14,75
446,"wait",15,14,71
446,"vac",4,14,71
446,"obs",15,14,71
447,"wait",15,14,74
447,"vac",7,14,74
447,"obs",15,14,74
448,"wait",15,14,71
448,"vac",4,14,71
448,"obs",15,14,71
449,"wait",15,14,73
449,"vac",6,14,73
449,"obs",15,14,73
450,"wait",15,14,71
450,"vac",3,14,71
450,"obs",15,14,71
451,"wait",15,14,71
451,"vac",4,14,71
451,"obs",15,14,71
452,"wait",15,14,73
452,"vac",5,14,73
452,"obs",15,14,73
453,"wait",15,14,76
453,"vac",8,14,76
453,"obs",15,14,76
454,"wait",15,14,73
454,"vac",5,14,73
454,"obs",15,14,73
455,"wait",15,14,76
455,"vac",7,14,76
455,"obs",15,14,76
456,"wait",15,14,72
456,"vac",3,14,72
456,"obs",15,14,72
457,"wait",15,14,82
457,"vac",13,14,82
457,"obs",15,14,82
458,"wait",15,14,80
458,"vac",12,14,80
458,"obs",15,14,80
459,"wait",15,15,74
459,"vac",6,15,74
459,"obs",15,15,74
460,"wait",16,15,73
460,"vac",4,15,73
460,"obs",15,15,73
461,"wait",15,15,75
461,"vac",6,15,75
461,"obs",15,15,75
462,"wait",16,15,75
462,"vac",6,15,75
462,"obs",15,15,75
463,"wait",15,15,77
463,"vac",8,15,77
463,"obs",15,15,77
464,"wait",16,15,75
464,"vac",6,15,75
464,"obs",15,15,75
465,"wait",16,15,73
465,"vac",4,15,73
465,"obs",15,15,73
466,"wait",16,15,73
466,"vac",3,15,73
466,"obs",15,15,73
467,"wait",15,15,72
467,"vac",3,15,72
467,"obs",15,15,72
468,"wait",16,15,79
468,"vac",9,15,79
468,"obs",15,15,79
469,"wait",16,15,74
469,"vac",4,15,74
469,"obs",15,15,74
470,"wait",16,15,76
470,"vac",6,15,76
470,"obs",15,15,76
471,"wait",16,15,79
471,"vac",10,15,79
471,"obs",15,15,79
472,"wait",15,15,78
472,"vac",8,15,78
472,"obs",15,15,78
473,"wait",16,15,73
473,"vac",2,15,73
473,"obs",15,15,73
474,"wait",16,15,75
474,"vac",4,15,75
474,"obs",15,15,75
475,"wait",15,15,73
475,"vac",2,15,73
475,"obs",15,15,73
476,"wait",15,15,79
476,"vac",9,15,79
476,"obs",15,15,79
477,"wait",15,15,78
477,"vac",7,15,78
477,"obs",15,15,78
478,"wait",15,15,81
478,"vac",11,15,81
478,"obs",15,15,81
479,"wait",15,15,77
479,"vac",6,15,77
479,"obs",15,15,77
480,"wait",17,16,78
480,"vac",7,16,78
480,"obs",15,16,78
481,"wait",17,16,73
481,"vac",2,16,73
481,"obs",15,16,73
482,"wait",17,16,75
482,"vac",4,16,75
482,"obs",15,16,75
483,"wait",17,16,74
483,"vac",3,16,74
483,"obs",15,16,74
484,"wait",17,16,79
484,"vac",7,16,79
484,"obs",15,16,79
485,"wait",17,16,74
485,"vac",2,16,74
485,"obs",15,16,74
486,"wait",17,16,76
486,"vac",4,16,76
486,"obs",15,16,76
487,"wait",17,16,83
487,"vac",12,16,83
487,"obs",15,16,83
488,"wait",17,16,74
488,"vac",2,16,74
488,"obs",15,16,74
489,"wait",17,16,76
489,"vac",4,16,76
489,"obs",15,16,76
490,"wait",17,16,79
490,"vac",7,16,79
490,"obs",15,16,79
491,"wait",17,16,79
491,"vac",7,16,79
491,"obs",15,16,79
492,"wait",17,16,76
492,"vac",3,16,76
492,"obs",15,16,76
493,"wait",17,16,83
493,"vac",10,16,83
493,"obs",15,16,83
494,"wait",17,16,77
494,"vac",4,16,77
494,"obs",15,16,77
495,"wait",17,16,80
495,"vac",7,16,80
495,"obs",15,16,80
496,"wait",17,16,79
496,"vac",6,16,79
496,"obs",15,16,79
497,"wait",17,16,80
497,"vac",7,16,80
497,"obs",15,16,80
498,"wait",17,16,79
498,"vac",5,16,79
498,"obs",15,16,79
499,"wait",17,16,78
499,"vac",5,16,78
499,"obs",15,16,78
500,"wait",17,16,77
500,"vac",4,16,77
500,"obs",15,16,77
501,"wait",17,16,82
501,"vac",9,16,82
501,"obs",15,16,82
502,"wait",17,16,77
502,"vac",4,16,77
502,"obs",15,16,77
503,"wait",17,16,80
503,"vac",6,16,80
503,"obs",15,16,80
504,"wait",17,16,78
504,"vac",5,16,78
504,"obs",15,16,78
505,"wait",17,16,83
505,"vac",9,16,83
505,"obs",15,16,83
506,"wait",17,16,82
506,"vac",8,16,82
506,"obs",15,16,82
507,"wait",17,16,78
507,"vac",4,16,78
507,"obs",15,16,78
508,"wait",18,17,78
508,"vac",4,17,78
508,"obs",15,17,78
509,"wait",18,17,83
509,"vac",9,17,83
509,"obs",15,17,83
510,"wait",18,17,81
510,"vac",7,17,81
510,"obs",15,17,81
511,"wait",18,17,81
511,"vac",7,17,81
511,"obs",15,17,81
512,"wait",18,17,79
512,"vac",4,17,79
512,"obs",15,17,79
513,"wait",18,17,81
513,"vac",6,17,81
513,"obs",15,17,81
514,"wait",18,17,84
514,"vac",9,17,84
514,"obs",15,17,84
515,"wait",18,17,81
515,"vac",5,17,81
515,"obs",15,17,81
516,"wait",18,17,81
516,"vac",5,17,81
516,"obs",15,17,81
517,"wait",18,17,84
517,"vac",8,17,84
517,"obs",15,17,84
518,"wait",18,17,79
518,"vac",3,17,79
518,"obs",15,17,79
519,"wait",18,17,87
519,"vac",11,17,87
519,"obs",15,17,87
520,"wait",18,17,84
520,"vac",8,17,84
520,"obs",15,17,84
521,"wait",18,17,83
521,"vac",7,17,83
521,"obs",15,17,83
522,"wait",18,17,85
522,"vac",9,17,85
522,"obs",15,17,85
523,"wait",18,17,78
523,"vac",2,17,78
523,"obs",15,17,78
524,"wait",18,17,82
524,"vac",5,17,82
524,"obs",15,17,82
525,"wait",18,17,81
525,"vac",4,17,81
525,"obs",15,17,81
526,"wait",18,17,82
526,"vac",5,17,82
526,"obs",15,17,82
527,"wait",18,17,80
527,"vac",3,17,80
527,"obs",15,17,80
528,"wait",18,17,80
528,"vac",2,17,80
528,"obs",15,17,80
529,"wait",18,17,83
529,"vac",5,17,83
529,"obs",15,17,83
530,"wait",18,17,86
530,"vac",9,17,86
530,"obs",15,17,86
531,"wait",18,17,81
531,"vac",3,17,81
531,"obs",15,17,81
532,"wait",18,17,83
532,"vac",5,17,83
532,"obs",15,17,83
533,"wait",18,17,81
533,"vac",3,17,81
533,"obs",15,17,81
534,"wait",18,17,85
534,"vac",6,17,85
534,"obs",15,17,85
535,"wait",18,17,85
535,"vac",6,17,85
535,"obs",15,17,85
536,"wait",19,18,84
536,"vac",5,18,84
536,"obs",15,18,84
537,"wait",19,18,88
537,"vac",9,18,88
537,"obs",15,18,88
538,"wait",19,18,83
538,"vac",4,18,83
538,"obs",15,18,83
539,"wait",19,18,86
539,"vac",7,18,86
539,"obs",15,18,86
540,"wait",19,18,84
540,"vac",5,18,84
540,"obs",15,18,84
541,"wait",19,18,84
541,"vac",5,18,84
541,"obs",15,18,84
542,"wait",19,18,81
542,"vac",2,18,81
542,"obs",15,18,81
543,"wait",19,18,84
543,"vac",4,18,84
543,"obs",15,18,84
544,"wait",19,18,87
544,"vac",8,18,87
544,"obs",15,18,87
545,"wait",19,18,84
545,"vac",5,18,84
545,"obs",15,18,84
546,"wait",19,18,83
546,"vac",3,18,83
546,"obs",15,18,83
547,"wait",19,18,84
547,"vac",4,18,84
547,"obs",15,18,84
548,"wait",19,18,84
548,"vac",4,18,84
548,"obs",15,18,84
549,"wait",19,18,87
549,"vac",7,18,87
549,"obs",15,18,87
550,"wait",19,18,90
550,"vac",10,18,90
550,"obs",15,18,90
551,"wait",19,18,83
551,"vac",3,18,83
551,"obs",15,18,83
552,"wait",19,18,84
552,"vac",4,18,84
552,"obs",15,18,84
553,"wait",19,18,85
553,"vac",4,18,85
553,"obs",15,18,85
554,"wait",19,18,83
554,"vac",3,18,83
554,"obs",15,18,83
555,"wait",19,18,85
555,"vac",4,18,85
555,"obs",15,18,85
556,"wait",19,18,87
556,"vac",6,18,87
556,"obs",15,18,87
557,"wait",19,18,88
557,"vac",7,18,88
557,"obs",15,18,88
558,"wait",19,18,86
558,"vac",5,18,86
558,"obs",15,18,86
559,"wait",19,18,86
559,"vac",5,18,86
559,"obs",15,18,86
560,"wait",19,18,85
560,"vac",4,18,85
560,"obs",15,18,85
561,"wait",19,18,91
561,"vac",9,18,91
561,"obs",15,18,91
562,"wait",20,19,87
562,"vac",5,19,87
562,"obs",15,19,87
563,"wait",20,19,88
563,"vac",7,19,88
563,"obs",15,19,88
564,"wait",20,19,89
564,"vac",7,19,89
564,"obs",15,19,89
565,"wait",20,19,92
565,"vac",10,19,92
565,"obs",15,19,92
566,"wait",20,19,90
566,"vac",8,19,90
566,"obs",15,19,90
567,"wait",20,19,90
567,"vac",8,19,90
567,"obs",15,19,90
568,"wait",20,19,88
568,"vac",5,19,88
568,"obs",15,19,88
569,"wait",20,19,91
569,"vac",8,19,91
569,"obs",15,19,91
570,"wait",20,19,91
570,"vac",8,19,91
570,"obs",15,19,91
571,"wait",20,19,88
571,"vac",6,19,88
571,"obs",15,19,88
572,"wait",20,19,85
572,"vac",2,19,85
572,"obs",15,19,85
573,"wait",20,19,94
573,"vac",11,19,94
573,"obs",15,19,94
574,"wait",20,19,87
574,"vac",4,19,87
574,"obs",15,19,87
575,"wait",20,19,90
575,"vac",7,19,90
575,"obs",15,19,90
576,"wait",20,19,96
576,"vac",13,19,96
576,"obs",15,19,96
577,"wait",20,19,95
577,"vac",12,19,95
577,"obs",15,19,95
578,"wait",20,19,88
578,"vac",5,19,88
578,"obs",15,19,88
579,"wait",20,19,90
579,"vac",6,19,90
579,"obs",15,19,90
580,"wait",20,19,91
580,"vac",7,19,91
580,"obs",15,19,91
581,"wait",20,19,90
581,"vac",6,19,90
581,"obs",15,19,90
582,"wait",20,19,91
582,"vac",7,19,91
582,"obs",15,19,91
583,"wait",20,19,91
583,"vac",7,19,91
583,"obs",15,19,91
584,"wait",20,19,87
584,"vac",3,19,87
584,"obs",15,19,87
585,"wait",20,19,90
585,"vac",6,19,90
585,"obs",15,19,90
586,"wait",20,19,91
586,"vac",7,19,91
586,"obs",15,19,91
587,"wait",20,19,89
587,"vac",5,19,89
587,"obs",15,19,89
588,"wait",20,19,91
588,"vac",7,19,91
588,"obs",15,19,91
589,"wait",20,19,88
589,"vac",4,19,88
589,"obs",15,19,88
590,"wait",20,19,88
590,"vac",3,19,88
590,"obs",15,19,88
591,"wait",20,19,96
591,"vac",11,19,96
591,"obs",15,19,96
592,"wait",20,19,87
592,"vac",2,19,87
592,"obs",15,19,87
593,"wait",20,19,90
593,"vac",5,19,90
593,"obs",15,19,90
594,"wait",20,19,92
594,"vac",7,19,92
594,"obs",15,19,92
595,"wait",20,19,96
595,"vac",11,19,96
595,"obs",15,19,96
596,"wait",20,19,91
596,"vac",6,19,91
596,"obs",15,19,91
597,"wait",20,19,93
597,"vac",8,19,93
597,"obs",15,19,93
598,"wait",21,20,87
598,"vac",2,20,87
598,"obs",15,20,87
599,"wait",21,20,91
599,"vac",6,20,91
599,"obs",15,20,91
600,"wait",21,20,93
600,"vac",7,20,93
600,"obs",15,20,93
601,"wait",21,20,90
601,"vac",4,20,90
601,"obs",15,20,90
602,"wait",21,20,92
602,"vac",5,20,92
602,"obs",15,20,92
603,"wait",21,20,94
603,"vac",7,20,94
603,"obs",15,20,94
604,"wait",21,20,92
604,"vac",5,20,92
604,"obs",15,20,92
605,"wait",21,20,95
605,"vac",8,20,95
605,"obs",15,20,95
606,"wait",21,20,95
606,"vac",7,20,95
606,"obs",15,20,95
607,"wait",21,20,95
607,"vac",8,20,95
607,"obs",15,20,95
608,"wait",21,20,91
608,"vac",4,20,91
608,"obs",15,20,91
609,"wait",21,20,91
609,"vac",3,20,91
609,"obs",15,20,91
610,"wait",21,20,91
610,"vac",4,20,91
610,"obs",15,20,91
611,"wait",21,20,96
611,"vac",8,20,96
611,"obs",15,20,96
612,"wait",21,20,92
612,"vac",4,20,92
612,"obs",15,20,92
613,"wait",21,20,95
613,"vac",7,20,95
613,"obs",15,20,95
614,"wait",21,20,90
614,"vac",2,20,90
614,"obs",15,20,90
615,"wait",21,20,90
615,"vac",2,20,90
615,"obs",15,20,90
616,"wait",21,20,95
616,"vac",7,20,95
616,"obs",15,20,95
617,"wait",21,20,95
617,"vac",7,20,95
617,"obs",15,20,95
618,"wait",21,20,92
618,"vac",3,20,92
618,"obs",15,20,92
619,"wait",21,20,93
619,"vac",5,20,93
619,"obs",15,20,93
620,"wait",21,20,96
620,"vac",8,20,96
620,"obs",15,20,96
621,"wait",21,20,91
621,"vac",3,20,91
621,"obs",15,20,91
622,"wait",21,20,96
622,"vac",6,20,96
622,"obs",15,20,96
623,"wait",21,20,93
623,"vac",3,20,93
623,"obs",15,20,93
624,"wait",21,20,97
624,"vac",7,20,97
624,"obs",15,20,97
625,"wait",21,20,96
625,"vac",6,20,96
625,"obs",15,20,96
626,"wait",21,20,92
626,"vac",1,20,92
626,"obs",15,20,92
627,"wait",21,20,94
627,"vac",4,20,94
627,"obs",15,20,94
628,"wait",21,20,101
628,"vac",10,20,101
628,"obs",15,20,101
629,"wait",22,21,96
629,"vac",6,21,96
629,"obs",15,21,96
630,"wait",22,21,99
630,"vac",9,21,99
630,"obs",15,21,99
631,"wait",22,21,97
631,"vac",6,21,97
631,"obs",15,21,97
632,"wait",22,21,97
632,"vac",6,21,97
632,"obs",15,21,97
633,"wait",22,21,96
633,"vac",5,21,96
633,"obs",15,21,96
634,"wait",22,21,94
634,"vac",3,21,94
634,"obs",15,21,94
635,"wait",22,21,95
635,"vac",4,21,95
635,"obs",15,21,95
636,"wait",22,21,100
636,"vac",8,21,100
636,"obs",15,21,100
637,"wait",22,21,95
637,"vac",4,21,95
637,"obs",15,21,95
638,"wait",22,21,102
638,"vac",11,21,102
638,"obs",15,21,102
639,"wait",22,21,98
639,"vac",7,21,98
639,"obs",15,21,98
640,"wait",22,21,96
640,"vac",4,21,96
640,"obs",15,21,96
641,"wait",22,21,96
641,"vac",5,21,96
641,"obs",15,21,96
642,"wait",22,21,99
642,"vac",7,21,99
642,"obs",15,21,99
643,"wait",22,21,100
643,"vac",9,21,100
643,"obs",15,21,100
644,"wait",22,21,99
644,"vac",7,21,99
644,"obs",15,21,99
645,"wait",22,21,93
645,"vac",2,21,93
645,"obs",15,21,93
646,"wait",22,21,97
646,"vac",5,21,97
646,"obs",15,21,97
647,"wait",22,21,97
647,"vac",5,21,97
647,"obs",15,21,97
648,"wait",22,21,95
648,"vac",3,21,95
648,"obs",15,21,95
649,"wait",22,21,99
649,"vac",6,21,99
649,"obs",15,21,99
650,"wait",22,21,96
650,"vac",4,21,96
650,"obs",15,21,96
651,"wait",22,21,94
651,"vac",2,21,94
651,"obs",15,21,94
652,"wait",22,21,98
652,"vac",6,21,98
652,"obs",15,21,98
653,"wait",22,21,98
653,"vac",5,21,98
653,"obs",15,21,98
654,"wait",22,21,104
654,"vac",11,21,104
654,"obs",15,21,104
655,"wait",22,21,102
655,"vac",10,21,102
655,"obs",15,21,102
656,"wait",23,22,100
656,"vac",7,22,100
656,"obs",15,22,100
657,"wait",23,22,99
657,"vac",5,22,99
657,"obs",15,22,99
658,"wait",23,22,97
658,"vac",3,22,97
658,"obs",15,22,97
659,"wait",23,22,101
659,"vac",7,22,101
659,"obs",15,22,101
660,"wait",23,22,101
660,"vac",7,22,101
660,"obs",15,22,101
661,"wait",23,22,96
661,"vac",2,22,96
661,"obs",15,22,96
662,"wait",23,22,99
662,"vac",4,22,99
662,"obs",15,22,99
663,"wait",23,22,99
663,"vac",4,22,99
663,"obs",15,22,99
664,"wait",23,22,102
664,"vac",7,22,102
664,"obs",15,22,102
665,"wait",23,22,106
665,"vac",11,22,106
665,"obs",15,22,106
666,"wait",23,22,99
666,"vac",4,22,99
666,"obs",15,22,99
667,"wait",23,22,100
667,"vac",4,22,100
667,"obs",15,22,100
668,"wait",23,22,101
668,"vac",6,22,101
668,"obs",15,22,101
669,"wait",23,22,100
669,"vac",4,22,100
669,"obs",15,22,100
670,"wait",23,22,102
670,"vac",6,22,102
670,"obs",15,22,102
671,"wait",23,22,100
671,"vac",5,22,100
671,"obs",15,22,100
672,"wait",23,22,104
672,"vac",8,22,104
672,"obs",15,22,104
673,"wait",23,22,97
673,"vac",2,22,97
673,"obs",15,22,97
674,"wait",23,22,103
674,"vac",7,22,103
674,"obs",15,22,103
675,"wait",23,22,99
675,"vac",3,22,99
675,"obs",15,22,99
676,"wait",23,22,101
676,"vac",5,22,101
676,"obs",15,22,101
677,"wait",23,22,105
677,"vac",8,22,105
677,"obs",15,22,105
678,"wait",23,22,102
678,"vac",6,22,102
678,"obs",15,22,102
679,"wait",23,22,111
679,"vac",15,22,111
679,"obs",15,22,111
680,"wait",23,22,107
680,"vac",11,22,107
680,"obs",15,22,107
681,"wait",23,22,102
681,"vac",5,22,102
681,"obs",15,22,102
682,"wait",23,22,99
682,"vac",3,22,99
682,"obs",15,22,99
683,"wait",23,22,102
683,"vac",5,22,102
683,"obs",15,22,102
684,"wait",23,22,104
684,"vac",8,22,104
684,"obs",15,22,104
685,"wait",23,22,102
685,"vac",6,22,102
685,"obs",15,22,102
686,"wait",23,22,100
686,"vac",4,22,100
686,"obs",15,22,100
687,"wait",23,22,100
687,"vac",3,22,100
687,"obs",15,22,100
688,"wait",23,22,105
688,"vac",8,22,105
688,"obs",15,22,105
689,"wait",23,22,104
689,"vac",7,22,104
689,"obs",15,22,104
690,"wait",23,22,99
690,"vac",2,22,99
690,"obs",15,22,99
691,"wait",23,22,103
691,"vac",6,22,103
691,"obs",15,22,103
692,"wait",23,22,103
692,"vac",5,22,103
692,"obs",15,22,103
693,"wait",23,22,105
693,"vac",7,22,105
693,"obs",15,22,105
694,"wait",24,23,102
694,"vac",5,23,102
694,"obs",15,23,102
695,"wait",24,23,106
695,"vac",8,23,106
695,"obs",15,23,106
696,"wait",24,23,105
696,"vac",7,23,105
696,"obs",15,23,105
697,"wait",24,23,100
697,"vac",2,23,100
697,"obs",15,23,100
698,"wait",24,23,108
698,"vac",9,23,108
698,"obs",15,23,108
699,"wait",24,23,102
699,"vac",3,23,102
699,"obs",15,23,102
700,"wait",24,23,107
700,"vac",8,23,107
700,"obs",15,23,107
701,"wait",24,23,110
701,"vac",11,23,110
701,"obs",15,23,110
702,"wait",24,23,103
702,"vac",4,23,103
702,"obs",15,23,103
703,"wait",24,23,104
703,"vac",5,23,104
703,"obs",15,23,104
704,"wait",24,23,101
704,"vac",2,23,101
704,"obs",15,23,101
705,"wait",24,23,102
705,"vac",3,23,102
705,"obs",15,23,102
706,"wait",24,23,102
706,"vac",2,23,102
706,"obs",15,23,102
707,"wait",24,23,108
707,"vac",8,23,108
707,"obs",15,23,108
708,"wait",24,23,106
708,"vac",7,23,106
708,"obs",15,23,106
709,"wait",24,23,104
709,"vac",5,23,104
709,"obs",15,23,104
710,"wait",24,23,104
710,"vac",4,23,104
710,"obs",15,23,104
711,"wait",24,23,105
711,"vac",5,23,105
711,"obs",15,23,105
712,"wait",24,23,106
712,"vac",6,23,106
712,"obs",15,23,106
713,"wait",24,23,105
713,"vac",4,23,105
713,"obs",15,23,105
714,"wait",24,23,107
714,"vac",6,23,107
714,"obs",15,23,107
715,"wait",24,23,108
715,"vac",7,23,108
715,"obs",15,23,108
716,"wait",24,23,111
716,"vac",10,23,111
716,"obs",15,23,111
717,"wait",24,23,104
717,"vac",3,23,104
717,"obs",15,23,104
718,"wait",24,23,105
718,"vac",4,23,105
718,"obs",15,23,105
719,"wait",24,23,107
719,"vac",6,23,107
719,"obs",15,23,107
720,"wait",24,23,106
720,"vac",4,23,106
720,"obs",15,23,106
721,"wait",24,23,106
721,"vac",4,23,106
721,"obs",15,23,106
722,"wait",24,23,106
722,"vac",4,23,106
722,"obs",15,23,106
723,"wait",24,23,104
723,"vac",2,23,104
723,"obs",15,23,104
724,"wait",24,23,107
724,"vac",5,23,107
724,"obs",15,23,107
725,"wait",24,23,104
725,"vac",2,23,104
725,"obs",15,23,104
726,"wait",24,23,105
726,"vac",3,23,105
726,"obs",15,23,105
727,"wait",24,23,105
727,"vac",3,23,105
727,"obs",15,23,105
728,"wait",24,23,111
728,"vac",9,23,111
728,"obs",15,23,111
729,"wait",24,23,106
729,"vac",4,23,106
729,"obs",15,23,106
730,"wait",24,23,108
730,"vac",5,23,108
730,"obs",15,23,108
731,"wait",24,23,110
731,"vac",7,23,110
731,"obs",15,23,110
732,"wait",25,24,110
732,"vac",7,24,110
732,"obs",15,24,110
733,"wait",25,24,113
733,"vac",11,24,113
733,"obs",15,24,113
734,"wait",25,24,112
734,"vac",9,24,112
734,"obs",15,24,112
735,"wait",25,24,108
735,"vac",5,24,108
735,"obs",15,24,108
736,"wait",25,24,108
736,"vac",5,24,108
736,"obs",15,24,108
737,"wait",25,24,109
737,"vac",6,24,109
737,"obs",15,24,109
738,"wait",25,24,107
738,"vac",4,24,107
738,"obs",15,24,107
739,"wait",25,24,111
739,"vac",7,24,111
739,"obs",15,24,111
740,"wait",25,24,108
740,"vac",4,24,108
740,"obs",15,24,108
741,"wait",25,24,117
741,"vac",12,24,117
741,"obs",15,24,117
742,"wait",25,24,109
742,"vac",5,24,109
742,"obs",15,24,109
743,"wait",25,24,108
743,"vac",4,24,108
743,"obs",15,24,108
744,"wait",25,24,116
744,"vac",11,24,116
744,"obs",15,24,116
745,"wait",25,24,108
745,"vac",4,24,108
745,"obs",15,24,108
746,"wait",25,24,112
746,"vac",8,24,112
746,"obs",15,24,112
747,"wait",25,24,107
747,"vac",3,24,107
747,"obs",15,24,107
748,"wait",25,24,108
748,"vac",3,24,108
748,"obs",15,24,108
749,"wait",25,24,108
749,"vac",3,24,108
749,"obs",15,24,108
750,"wait",25,24,113
750,"vac",8,24,113
750,"obs",15,24,113
751,"wait",25,24,111
751,"vac",6,24,111
751,"obs",15,24,111
752,"wait",25,24,107
752,"vac",2,24,107
752,"obs",15,24,107
753,"wait",25,24,108
753,"vac",3,24,108
753,"obs",15,24,108
754,"wait",25,24,110
754,"vac",5,24,110
754,"obs",15,24,110
755,"wait",25,24,111
755,"vac",6,24,111
755,"obs",15,24,111
756,"wait",25,24,112
756,"vac",6,24,112
756,"obs",15,24,112
757,"wait",25,24,109
757,"vac",3,24,109
757,"obs",15,24,109
758,"wait",25,24,112
758,"vac",6,24,112
758,"obs",15,24,112
759,"wait",25,24,114
759,"vac",8,24,114
759,"obs",15,24,114
760,"wait",25,24,114
760,"vac",8,24,114
760,"obs",15,24,114
761,"wait",25,24,114
761,"vac",8,24,114
761,"obs",15,24,114
762,"wait",25,24,109
762,"vac",3,24,109
762,"obs",15,24,109
763,"wait",25,24,112
763,"vac",6,24,112
763,"obs",15,24,112
764,"wait",25,24,113
764,"vac",6,24,113
764,"obs",15,24,113
765,"wait",25,24,111
765,"vac",5,24,111
765,"obs",15,24,111
766,"wait",25,24,116
766,"vac",9,24,116
766,"obs",15,24,116
767,"wait",25,24,113
767,"vac",6,24,113
767,"obs",15,24,113
768,"wait",25,24,113
768,"vac",6,24,113
768,"obs",15,24,113
769,"wait",25,24,111
769,"vac",4,24,111
769,"obs",15,24,111
770,"wait",26,25,117
770,"vac",9,25,117
770,"obs",15,25,117
771,"wait",26,25,110
771,"vac",2,25,110
771,"obs",15,25,110
772,"wait",26,25,118
772,"vac",10,25,118
772,"obs",15,25,118
773,"wait",26,25,114
773,"vac",6,25,114
773,"obs",15,25,114
774,"wait",26,25,113
774,"vac",5,25,113
774,"obs",15,25,113
775,"wait",26,25,120
775,"vac",12,25,120
775,"obs",15,25,120
776,"wait",26,25,117
776,"vac",8,25,117
776,"obs",15,25,117
777,"wait",26,25,114
777,"vac",6,25,114
777,"obs",15,25,114
778,"wait",26,25,111
778,"vac",3,25,111
778,"obs",15,25,111
779,"wait",26,25,111
779,"vac",3,25,111
779,"obs",15,25,111
780,"wait",26,25,113
780,"vac",5,25,113
780,"obs",15,25,113
781,"wait",26,25,112
781,"vac",4,25,112
781,"obs",15,25,112
782,"wait",26,25,112
782,"vac",3,25,112
782,"obs",15,25,112
783,"wait",26,25,113
783,"vac",4,25,113
783,"obs",15,25,113
784,"wait",26,25,116
784,"vac",7,25,116
784,"obs",15,25,116
785,"wait",26,25,113
785,"vac",4,25,113
785,"obs",15,25,113
786,"wait",26,25,110
786,"vac",1,25,110
786,"obs",15,25,110
787,"wait",26,25,114
787,"vac",5,25,114
787,"obs",15,25,114
788,"wait",26,25,116
788,"vac",7,25,116
788,"obs",15,25,116
789,"wait",26,25,112
789,"vac",3,25,112
789,"obs",15,25,112
790,"wait",26,25,115
790,"vac",5,25,115
790,"obs",15,25,115
791,"wait",26,25,116
791,"vac",7,25,116
791,"obs",15,25,116
792,"wait",26,25,113
792,"vac",3,25,113
792,"obs",15,25,113
793,"wait",26,25,115
793,"vac",5,25,115
793,"obs",15,25,115
794,"wait",26,25,118
794,"vac",7,25,118
794,"obs",15,25,118
795,"wait",26,25,117
795,"vac",7,25,117
795,"obs",15,25,117
796,"wait",26,25,119
796,"vac",8,25,119
796,"obs",15,25,119
797,"wait",26,25,130
797,"vac",20,25,130
797,"obs",15,25,130
798,"wait",26,25,119
798,"vac",8,25,119
798,"obs",15,25,119
799,"wait",26,25,116
799,"vac",4,25,116
799,"obs",15,25,116
800,"wait",27,26,119
800,"vac",7,26,119
800,"obs",15,26,119
801,"wait",27,26,114
801,"vac",3,26,114
801,"obs",15,26,114
802,"wait",27,26,116
802,"vac",5,26,116
802,"obs",15,26,116
803,"wait",27,26,115
803,"vac",3,26,115
803,"obs",15,26,115
804,"wait",27,26,121
804,"vac",9,26,121
804,"obs",15,26,121
805,"wait",27,26,120
805,"vac",8,26,120
805,"obs",15,26,120
806,"wait",27,26,117
806,"vac",5,26,117
806,"obs",15,26,117
807,"wait",27,26,119
807,"vac",7,26,119
807,"obs",15,26,119
808,"wait",27,26,114
808,"vac",2,26,114
808,"obs",15,26,114
809,"wait",27,26,118
809,"vac",5,26,118
809,"obs",15,26,118
810,"wait",27,26,116
810,"vac",3,26,116
810,"obs",15,26,116
811,"wait",27,26,119
811,"vac",6,26,119
811,"obs",15,26,119
812,"wait",27,26,116
812,"vac",4,26,116
812,"obs",15,26,116
813,"wait",27,26,115
813,"vac",2,26,115
813,"obs",15,26,115
814,"wait",27,26,119
814,"vac",6,26,119
814,"obs",15,26,119
815,"wait",27,26,123
815,"vac",10,26,123
815,"obs",15,26,123
816,"wait",27,26,119
816,"vac",6,26,119
816,"obs",15,26,119
817,"wait",27,26,119
817,"vac",6,26,119
817,"obs",15,26,119
818,"wait",27,26,122
818,"vac",9,26,122
818,"obs",15,26,122
819,"wait",27,26,123
819,"vac",9,26,123
819,"obs",15,26,123
820,"wait",27,26,118
820,"vac",5,26,118
820,"obs",15,26,118
821,"wait",27,26,119
821,"vac",6,26,119
821,"obs",15,26,119
822,"wait",27,26,125
822,"vac",11,26,125
822,"obs",15,26,125
823,"wait",27,26,124
823,"vac",10,26,124
823,"obs",15,26,124
824,"wait",27,26,117
824,"vac",3,26,117
824,"obs",15,26,117
825,"wait",27,26,121
825,"vac",7,26,121
825,"obs",15,26,121
826,"wait",27,26,118
826,"vac",4,26,118
826,"obs",15,26,118
827,"wait",27,26,123
827,"vac",9,26,123
827,"obs",15,26,123
828,"wait",28,27,122
828,"vac",8,27,122
828,"obs",15,27,122
829,"wait",28,27,118
829,"vac",4,27,118
829,"obs",15,27,118
830,"wait",28,27,123
830,"vac",9,27,123
830,"obs",15,27,123
831,"wait",28,27,122
831,"vac",8,27,122
831,"obs",15,27,122
832,"wait",28,27,119
832,"vac",4,27,119
832,"obs",15,27,119
833,"wait",28,27,123
833,"vac",8,27,123
833,"obs",15,27,123
834,"wait",28,27,119
834,"vac",3,27,119
834,"obs",15,27,119
835,"wait",28,27,121
835,"vac",6,27,121
835,"obs",15,27,121
836,"wait",28,27,119
836,"vac",4,27,119
836,"obs",15,27,119
837,"wait",28,27,119
837,"vac",3,27,119
837,"obs",15,27,119
838,"wait",28,27,119
838,"vac",3,27,119
838,"obs",15,27,119
839,"wait",28,27,118
839,"vac",1,27,118
839,"obs",15,27,118
840,"wait",28,27,120
840,"vac",4,27,120
840,"obs",15,27,120
841,"wait",28,27,122
841,"vac",5,27,122
841,"obs",15,27,122
842,"wait",28,27,119
842,"vac",2,27,119
842,"obs",15,27,119
843,"wait",28,27,124
843,"vac",8,27,124
843,"obs",15,27,124
844,"wait",28,27,123
844,"vac",6,27,123
844,"obs",15,27,123
845,"wait",28,27,129
845,"vac",12,27,129
845,"obs",15,27,129
846,"wait",28,27,121
846,"vac",4,27,121
846,"obs",15,27,121
847,"wait",28,27,122
847,"vac",5,27,122
847,"obs",15,27,122
848,"wait",28,27,126
848,"vac",8,27,126
848,"obs",15,27,126
849,"wait",29,28,124
849,"vac",7,28,124
849,"obs",15,28,124
850,"wait",29,28,124
850,"vac",6,28,124
850,"obs",15,28,124
851,"wait",29,28,125
851,"vac",7,28,125
851,"obs",15,28,125
852,"wait",29,28,124
852,"vac",6,28,124
852,"obs",15,28,124
853,"wait",29,28,124
853,"vac",6,28,124
853,"obs",15,28,124
854,"wait",29,28,122
854,"vac",4,28,122
854,"obs",15,28,122
855,"wait",29,28,122
855,"vac",4,28,122
855,"obs",15,28,122
856,"wait",29,28,122
856,"vac",4,28,122
856,"obs",15,28,122
857,"wait",29,28,128
857,"vac",10,28,128
857,"obs",15,28,128
858,"wait",29,28,123
858,"vac",4,28,123
858,"obs",15,28,123
859,"wait",29,28,122
859,"vac",3,28,122
859,"obs",15,28,122
860,"wait",29,28,128
860,"vac",9,28,128
860,"obs",15,28,128
861,"wait",29,28,126
861,"vac",7,28,126
861,"obs",15,28,126
862,"wait",29,28,125
862,"vac",6,28,125
862,"obs",15,28,125
863,"wait",29,28,127
863,"vac",8,28,127
863,"obs",15,28,127
864,"wait",29,28,128
864,"vac",9,28,128
864,"obs",15,28,128
865,"wait",29,28,125
865,"vac",5,28,125
865,"obs",15,28,125
866,"wait",29,28,123
866,"vac",4,28,123
866,"obs",15,28,123
867,"wait",29,28,122
867,"vac",3,28,122
867,"obs",15,28,122
868,"wait",29,28,122
868,"vac",3,28,122
868,"obs",15,28,122
869,"wait",29,28,125
869,"vac",6,28,125
869,"obs",15,28,125
870,"wait",29,28,126
870,"vac",6,28,126
870,"obs",15,28,126
871,"wait",29,28,125
871,"vac",5,28,125
871,"obs",15,28,125
872,"wait",29,28,121
872,"vac",1,28,121
872,"obs",15,28,121
873,"wait",29,28,123
873,"vac",3,28,123
873,"obs",15,28,123
874,"wait",29,28,123
874,"vac",3,28,123
874,"obs",15,28,123
875,"wait",29,28,124
875,"vac",4,28,124
875,"obs",15,28,124
876,"wait",29,28,130
876,"vac",10,28,130
876,"obs",15,28,130
877,"wait",29,28,127
877,"vac",7,28,127
877,"obs",15,28,127
878,"wait",29,28,127
878,"vac",6,28,127
878,"obs",15,28,127
879,"wait",29,28,126
879,"vac",5,28,126
879,"obs",15,28,126
880,"wait",29,28,129
880,"vac",8,28,129
880,"obs",15,28,129
881,"wait",29,28,128
881,"vac",6,28,128
881,"obs",15,28,128
882,"wait",29,28,130
882,"vac",8,28,130
882,"obs",15,28,130
883,"wait",29,28,126
883,"vac",4,28,126
883,"obs",15,28,126
884,"wait",29,28,127
884,"vac",4,28,127
884,"obs",15,28,127
885,"wait",30,29,127
885,"vac",5,29,127
885,"obs",15,29,127
886,"wait",30,29,125
886,"vac",3,29,125
886,"obs",15,29,125
887,"wait",30,29,129
887,"vac",6,29,129
887,"obs",15,29,129
888,"wait",30,29,126
888,"vac",3,29,126
888,"obs",15,29,126
889,"wait",30,29,130
889,"vac",7,29,130
889,"obs",15,29,130
890,"wait",30,29,130
890,"vac",7,29,130
890,"obs",15,29,130
891,"wait",30,29,128
891,"vac",5,29,128
891,"obs",15,29,128
892,"wait",30,29,130
892,"vac",7,29,130
892,"obs",15,29,130
893,"wait",30,29,131
893,"vac",8,29,131
893,"obs",15,29,131
894,"wait",30,29,125
894,"vac",2,29,125
894,"obs",15,29,125
895,"wait",30,29,128
895,"vac",5,29,128
895,"obs",15,29,128
896,"wait",30,29,133
896,"vac",10,29,133
896,"obs",15,29,133
897,"wait",30,29,125
897,"vac",2,29,125
897,"obs",15,29,125
898,"wait",30,29,128
898,"vac",5,29,128
898,"obs",15,29,128
899,"wait",30,29,128
899,"vac",5,29,128
899,"obs",15,29,128
900,"wait",30,29,130
900,"vac",6,29,130
900,"obs",15,29,130
901,"wait",30,29,128
901,"vac",4,29,128
901,"obs",15,29,128
902,"wait",30,29,131
902,"vac",8,29,131
902,"obs",15,29,131
903,"wait",30,29,127
903,"vac",3,29,127
903,"obs",15,29,127
904,"wait",30,29,127
904,"vac",3,29,127
904,"obs",15,29,127
905,"wait",30,29,128
905,"vac",4,29,128
905,"obs",15,29,128
906,"wait",30,29,127
906,"vac",3,29,127
906,"obs",15,29,127
907,"wait",30,29,132
907,"vac",7,29,132
907,"obs",15,29,132
908,"wait",30,29,130
908,"vac",5,29,130
908,"obs",15,29,130
909,"wait",30,29,127
909,"vac",2,29,127
909,"obs",15,29,127
910,"wait",30,29,130
910,"vac",5,29,130
910,"obs",15,29,130
911,"wait",30,29,134
911,"vac",9,29,134
911,"obs",15,29,134
912,"wait",30,29,127
912,"vac",2,29,127
912,"obs",15,29,127
913,"wait",30,29,132
913,"vac",6,29,132
913,"obs",15,29,132
914,"wait",30,29,136
914,"vac",11,29,136
914,"obs",15,29,136
915,"wait",30,29,131
915,"vac",5,29,131
915,"obs",15,29,131
916,"wait",30,29,133
916,"vac",7,29,133
916,"obs",15,29,133
917,"wait",30,29,131
917,"vac",5,29,131
917,"obs",15,29,131
918,"wait",30,29,130
918,"vac",4,29,130
918,"obs",15,29,130
919,"wait",30,29,130
919,"vac",4,29,130
919,"obs",15,29,130
920,"wait",30,29,133
920,"vac",7,29,133
920,"obs",15,29,133
921,"wait",30,29,134
921,"vac",8,29,134
921,"obs",15,29,134
922,"wait",30,29,133
922,"vac",7,29,133
922,"obs",15,29,133
923,"wait",31,30,129
923,"vac",3,30,129
923,"obs",15,30,129
924,"wait",31,30,135
924,"vac",8,30,135
924,"obs",15,30,135
925,"wait",31,30,132
925,"vac",6,30,132
925,"obs",15,30,132
926,"wait",31,30,132
926,"vac",5,30,132
926,"obs",15,30,132
927,"wait",31,30,130
927,"vac",3,30,130
927,"obs",15,30,130
928,"wait",31,30,133
928,"vac",6,30,133
928,"obs",15,30,133
929,"wait",31,30,136
929,"vac",8,30,136
929,"obs",15,30,136
930,"wait",31,30,132
930,"vac",5,30,132
930,"obs",15,30,132
931,"wait",31,30,132
931,"vac",4,30,132
931,"obs",15,30,132
932,"wait",31,30,134
932,"vac",7,30,134
932,"obs",15,30,134
933,"wait",31,30,132
933,"vac",5,30,132
933,"obs",15,30,132
934,"wait",31,30,130
934,"vac",3,30,130
934,"obs",15,30,130
935,"wait",31,30,135
935,"vac",7,30,135
935,"obs",15,30,135
936,"wait",31,30,134
936,"vac",6,30,134
936,"obs",15,30,134
937,"wait",31,30,135
937,"vac",7,30,135
937,"obs",15,30,135
938,"wait",31,30,137
938,"vac",9,30,137
938,"obs",15,30,137
939,"wait",31,30,135
939,"vac",7,30,135
939,"obs",15,30,135
940,"wait",31,30,133
940,"vac",4,30,133
940,"obs",15,30,133
941,"wait",31,30,136
941,"vac",7,30,136
941,"obs",15,30,136
942,"wait",31,30,137
942,"vac",8,30,137
942,"obs",15,30,137
943,"wait",31,30,137
943,"vac",9,30,137
943,"obs",15,30,137
944,"wait",31,30,140
944,"vac",12,30,140
944,"obs",15,30,140
945,"wait",31,30,132
945,"vac",4,30,132
945,"obs",15,30,132
946,"wait",31,30,132
946,"vac",3,30,132
946,"obs",15,30,132
947,"wait",31,30,136
947,"vac",7,30,136
947,"obs",15,30,136
948,"wait",32,31,137
948,"vac",7,31,137
948,"obs",15,31,137
949,"wait",31,31,135
949,"vac",5,31,135
949,"obs",15,31,135
950,"wait",32,31,136
950,"vac",6,31,136
950,"obs",15,31,136
951,"wait",31,31,135
951,"vac",5,31,135
951,"obs",15,31,135
952,"wait",32,31,134
952,"vac",4,31,134
952,"obs",15,31,134
953,"wait",32,31,134
953,"vac",4,31,134
953,"obs",15,31,134
954,"wait",32,31,133
954,"vac",3,31,133
954,"obs",15,31,133
955,"wait",32,31,132
955,"vac",2,31,132
955,"obs",15,31,132
956,"wait",32,31,137
956,"vac",7,31,137
956,"obs",15,31,137
957,"wait",32,31,136
957,"vac",5,31,136
957,"obs",15,31,136
958,"wait",32,31,137
958,"vac",7,31,137
958,"obs",15,31,137
959,"wait",32,31,136
959,"vac",5,31,136
959,"obs",15,31,136
960,"wait",32,31,137
960,"vac",6,31,137
960,"obs",15,31,137
961,"wait",32,31,135
961,"vac",4,31,135
961,"obs",15,31,135
962,"wait",31,31,137
962,"vac",6,31,137
962,"obs",15,31,137
963,"wait",32,31,134
963,"vac",3,31,134
963,"obs",15,31,134
964,"wait",31,31,136
964,"vac",5,31,136
964,"obs",15,31,136
965,"wait",32,31,141
965,"vac",9,31,141
965,"obs",15,31,141
966,"wait",31,31,138
966,"vac",6,31,138
966,"obs",15,31,138
967,"wait",32,31,139
967,"vac",7,31,139
967,"obs",15,31,139
968,"wait",32,31,141
968,"vac",8,31,141
968,"obs",15,31,141
969,"wait",32,31,138
969,"vac",6,31,138
969,"obs",15,31,138
970,"wait",32,31,137
970,"vac",5,31,137
970,"obs",15,31,137
971,"wait",32,31,135
971,"vac",3,31,135
971,"obs",15,31,135
972,"wait",31,31,137
972,"vac",5,31,137
972,"obs",15,31,137
973,"wait",32,31,136
973,"vac",4,31,136
973,"obs",15,31,136
974,"wait",32,31,139
974,"vac",7,31,139
974,"obs",15,31,139
975,"wait",32,31,139
975,"vac",6,31,139
975,"obs",15,31,139
976,"wait",32,31,141
976,"vac",8,31,141
976,"obs",15,31,141
977,"wait",32,31,140
977,"vac",7,31,140
977,"obs",15,31,140
978,"wait",32,31,138
978,"vac",5,31,138
978,"obs",15,31,138
979,"wait",32,31,139
979,"vac",5,31,139
979,"obs",15,31,139
980,"wait",33,32,140
980,"vac",6,32,140
980,"obs",15,32,140
981,"wait",33,32,143
981,"vac",9,32,143
981,"obs",15,32,143
982,"wait",33,32,139
982,"vac",5,32,139
982,"obs",15,32,139
983,"wait",33,32,139
983,"vac",5,32,139
983,"obs",15,32,139
984,"wait",33,32,138
984,"vac",3,32,138
984,"obs",15,32,138
985,"wait",33,32,140
985,"vac",6,32,140
985,"obs",15,32,140
986,"wait",33,32,138
986,"vac",3,32,138
986,"obs",15,32,138
987,"wait",33,32,142
987,"vac",7,32,142
987,"obs",15,32,142
988,"wait",33,32,138
988,"vac",3,32,138
988,"obs",15,32,138
989,"wait",33,32,138
989,"vac",3,32,138
989,"obs",15,32,138
990,"wait",33,32,138
990,"vac",3,32,138
990,"obs",15,32,138
991,"wait",33,32,139
991,"vac",4,32,139
991,"obs",15,32,139
992,"wait",33,32,138
992,"vac",3,32,138
992,"obs",15,32,138
993,"wait",33,32,139
993,"vac",3,32,139
993,"obs",15,32,139
994,"wait",33,32,141
994,"vac",6,32,141
994,"obs",15,32,141
995,"wait",33,32,140
995,"vac",4,32,140
995,"obs",15,32,140
996,"wait",33,32,139
996,"vac",3,32,139
996,"obs",15,32,139
997,"wait",33,32,139
997,"vac",4,32,139
997,"obs",15,32,139
998,"wait",33,32,141
998,"vac",5,32,141
998,"obs",15,32,141
999,"wait",33,32,137
999,"vac",1,32,137
999,"obs",15,32,137
